{
  "train_runtime": 114.5038,
  "train_samples_per_second": 436.667,
  "train_steps_per_second": 27.292,
  "total_flos": 881399861084160.0,
  "train_loss": 1.3560114807128907,
  "epoch": 1.0,
  "train_runtime_minutes": 1.9083966666666667
}