{
  "train_runtime": 367.9745,
  "train_samples_per_second": 407.637,
  "train_steps_per_second": 25.477,
  "total_flos": 2643792802873344.0,
  "train_loss": 2.0275793400065103,
  "epoch": 3.0,
  "train_runtime_minutes": 6.132908333333333
}